"","Class","Age","Gender","Survived"
"1","1","Adult","Male","Yes"
"2","1","Adult","Male","Yes"
"3","1","Adult","Male","Yes"
"4","1","Adult","Male","Yes"
"5","1","Adult","Male","Yes"
"6","1","Adult","Male","Yes"
"7","1","Adult","Male","Yes"
"8","1","Adult","Male","Yes"
"9","1","Adult","Male","Yes"
"10","1","Adult","Male","Yes"
"11","1","Adult","Male","Yes"
"12","1","Adult","Male","Yes"
"13","1","Adult","Male","Yes"
"14","1","Adult","Male","Yes"
"15","1","Adult","Male","Yes"
"16","1","Adult","Male","Yes"
"17","1","Adult","Male","Yes"
"18","1","Adult","Male","Yes"
"19","1","Adult","Male","Yes"
"20","1","Adult","Male","Yes"
"21","1","Adult","Male","Yes"
"22","1","Adult","Male","Yes"
"23","1","Adult","Male","Yes"
"24","1","Adult","Male","Yes"
"25","1","Adult","Male","Yes"
"26","1","Adult","Male","Yes"
"27","1","Adult","Male","Yes"
"28","1","Adult","Male","Yes"
"29","1","Adult","Male","Yes"
"30","1","Adult","Male","Yes"
"31","1","Adult","Male","Yes"
"32","1","Adult","Male","Yes"
"33","1","Adult","Male","Yes"
"34","1","Adult","Male","Yes"
"35","1","Adult","Male","Yes"
"36","1","Adult","Male","Yes"
"37","1","Adult","Male","Yes"
"38","1","Adult","Male","Yes"
"39","1","Adult","Male","Yes"
"40","1","Adult","Male","Yes"
"41","1","Adult","Male","Yes"
"42","1","Adult","Male","Yes"
"43","1","Adult","Male","Yes"
"44","1","Adult","Male","Yes"
"45","1","Adult","Male","Yes"
"46","1","Adult","Male","Yes"
"47","1","Adult","Male","Yes"
"48","1","Adult","Male","Yes"
"49","1","Adult","Male","Yes"
"50","1","Adult","Male","Yes"
"51","1","Adult","Male","Yes"
"52","1","Adult","Male","Yes"
"53","1","Adult","Male","Yes"
"54","1","Adult","Male","Yes"
"55","1","Adult","Male","Yes"
"56","1","Adult","Male","Yes"
"57","1","Adult","Male","Yes"
"58","1","Adult","Male","No"
"59","1","Adult","Male","No"
"60","1","Adult","Male","No"
"61","1","Adult","Male","No"
"62","1","Adult","Male","No"
"63","1","Adult","Male","No"
"64","1","Adult","Male","No"
"65","1","Adult","Male","No"
"66","1","Adult","Male","No"
"67","1","Adult","Male","No"
"68","1","Adult","Male","No"
"69","1","Adult","Male","No"
"70","1","Adult","Male","No"
"71","1","Adult","Male","No"
"72","1","Adult","Male","No"
"73","1","Adult","Male","No"
"74","1","Adult","Male","No"
"75","1","Adult","Male","No"
"76","1","Adult","Male","No"
"77","1","Adult","Male","No"
"78","1","Adult","Male","No"
"79","1","Adult","Male","No"
"80","1","Adult","Male","No"
"81","1","Adult","Male","No"
"82","1","Adult","Male","No"
"83","1","Adult","Male","No"
"84","1","Adult","Male","No"
"85","1","Adult","Male","No"
"86","1","Adult","Male","No"
"87","1","Adult","Male","No"
"88","1","Adult","Male","No"
"89","1","Adult","Male","No"
"90","1","Adult","Male","No"
"91","1","Adult","Male","No"
"92","1","Adult","Male","No"
"93","1","Adult","Male","No"
"94","1","Adult","Male","No"
"95","1","Adult","Male","No"
"96","1","Adult","Male","No"
"97","1","Adult","Male","No"
"98","1","Adult","Male","No"
"99","1","Adult","Male","No"
"100","1","Adult","Male","No"
"101","1","Adult","Male","No"
"102","1","Adult","Male","No"
"103","1","Adult","Male","No"
"104","1","Adult","Male","No"
"105","1","Adult","Male","No"
"106","1","Adult","Male","No"
"107","1","Adult","Male","No"
"108","1","Adult","Male","No"
"109","1","Adult","Male","No"
"110","1","Adult","Male","No"
"111","1","Adult","Male","No"
"112","1","Adult","Male","No"
"113","1","Adult","Male","No"
"114","1","Adult","Male","No"
"115","1","Adult","Male","No"
"116","1","Adult","Male","No"
"117","1","Adult","Male","No"
"118","1","Adult","Male","No"
"119","1","Adult","Male","No"
"120","1","Adult","Male","No"
"121","1","Adult","Male","No"
"122","1","Adult","Male","No"
"123","1","Adult","Male","No"
"124","1","Adult","Male","No"
"125","1","Adult","Male","No"
"126","1","Adult","Male","No"
"127","1","Adult","Male","No"
"128","1","Adult","Male","No"
"129","1","Adult","Male","No"
"130","1","Adult","Male","No"
"131","1","Adult","Male","No"
"132","1","Adult","Male","No"
"133","1","Adult","Male","No"
"134","1","Adult","Male","No"
"135","1","Adult","Male","No"
"136","1","Adult","Male","No"
"137","1","Adult","Male","No"
"138","1","Adult","Male","No"
"139","1","Adult","Male","No"
"140","1","Adult","Male","No"
"141","1","Adult","Male","No"
"142","1","Adult","Male","No"
"143","1","Adult","Male","No"
"144","1","Adult","Male","No"
"145","1","Adult","Male","No"
"146","1","Adult","Male","No"
"147","1","Adult","Male","No"
"148","1","Adult","Male","No"
"149","1","Adult","Male","No"
"150","1","Adult","Male","No"
"151","1","Adult","Male","No"
"152","1","Adult","Male","No"
"153","1","Adult","Male","No"
"154","1","Adult","Male","No"
"155","1","Adult","Male","No"
"156","1","Adult","Male","No"
"157","1","Adult","Male","No"
"158","1","Adult","Male","No"
"159","1","Adult","Male","No"
"160","1","Adult","Male","No"
"161","1","Adult","Male","No"
"162","1","Adult","Male","No"
"163","1","Adult","Male","No"
"164","1","Adult","Male","No"
"165","1","Adult","Male","No"
"166","1","Adult","Male","No"
"167","1","Adult","Male","No"
"168","1","Adult","Male","No"
"169","1","Adult","Male","No"
"170","1","Adult","Male","No"
"171","1","Adult","Male","No"
"172","1","Adult","Male","No"
"173","1","Adult","Male","No"
"174","1","Adult","Male","No"
"175","1","Adult","Male","No"
"176","1","Adult","Female","Yes"
"177","1","Adult","Female","Yes"
"178","1","Adult","Female","Yes"
"179","1","Adult","Female","Yes"
"180","1","Adult","Female","Yes"
"181","1","Adult","Female","Yes"
"182","1","Adult","Female","Yes"
"183","1","Adult","Female","Yes"
"184","1","Adult","Female","Yes"
"185","1","Adult","Female","Yes"
"186","1","Adult","Female","Yes"
"187","1","Adult","Female","Yes"
"188","1","Adult","Female","Yes"
"189","1","Adult","Female","Yes"
"190","1","Adult","Female","Yes"
"191","1","Adult","Female","Yes"
"192","1","Adult","Female","Yes"
"193","1","Adult","Female","Yes"
"194","1","Adult","Female","Yes"
"195","1","Adult","Female","Yes"
"196","1","Adult","Female","Yes"
"197","1","Adult","Female","Yes"
"198","1","Adult","Female","Yes"
"199","1","Adult","Female","Yes"
"200","1","Adult","Female","Yes"
"201","1","Adult","Female","Yes"
"202","1","Adult","Female","Yes"
"203","1","Adult","Female","Yes"
"204","1","Adult","Female","Yes"
"205","1","Adult","Female","Yes"
"206","1","Adult","Female","Yes"
"207","1","Adult","Female","Yes"
"208","1","Adult","Female","Yes"
"209","1","Adult","Female","Yes"
"210","1","Adult","Female","Yes"
"211","1","Adult","Female","Yes"
"212","1","Adult","Female","Yes"
"213","1","Adult","Female","Yes"
"214","1","Adult","Female","Yes"
"215","1","Adult","Female","Yes"
"216","1","Adult","Female","Yes"
"217","1","Adult","Female","Yes"
"218","1","Adult","Female","Yes"
"219","1","Adult","Female","Yes"
"220","1","Adult","Female","Yes"
"221","1","Adult","Female","Yes"
"222","1","Adult","Female","Yes"
"223","1","Adult","Female","Yes"
"224","1","Adult","Female","Yes"
"225","1","Adult","Female","Yes"
"226","1","Adult","Female","Yes"
"227","1","Adult","Female","Yes"
"228","1","Adult","Female","Yes"
"229","1","Adult","Female","Yes"
"230","1","Adult","Female","Yes"
"231","1","Adult","Female","Yes"
"232","1","Adult","Female","Yes"
"233","1","Adult","Female","Yes"
"234","1","Adult","Female","Yes"
"235","1","Adult","Female","Yes"
"236","1","Adult","Female","Yes"
"237","1","Adult","Female","Yes"
"238","1","Adult","Female","Yes"
"239","1","Adult","Female","Yes"
"240","1","Adult","Female","Yes"
"241","1","Adult","Female","Yes"
"242","1","Adult","Female","Yes"
"243","1","Adult","Female","Yes"
"244","1","Adult","Female","Yes"
"245","1","Adult","Female","Yes"
"246","1","Adult","Female","Yes"
"247","1","Adult","Female","Yes"
"248","1","Adult","Female","Yes"
"249","1","Adult","Female","Yes"
"250","1","Adult","Female","Yes"
"251","1","Adult","Female","Yes"
"252","1","Adult","Female","Yes"
"253","1","Adult","Female","Yes"
"254","1","Adult","Female","Yes"
"255","1","Adult","Female","Yes"
"256","1","Adult","Female","Yes"
"257","1","Adult","Female","Yes"
"258","1","Adult","Female","Yes"
"259","1","Adult","Female","Yes"
"260","1","Adult","Female","Yes"
"261","1","Adult","Female","Yes"
"262","1","Adult","Female","Yes"
"263","1","Adult","Female","Yes"
"264","1","Adult","Female","Yes"
"265","1","Adult","Female","Yes"
"266","1","Adult","Female","Yes"
"267","1","Adult","Female","Yes"
"268","1","Adult","Female","Yes"
"269","1","Adult","Female","Yes"
"270","1","Adult","Female","Yes"
"271","1","Adult","Female","Yes"
"272","1","Adult","Female","Yes"
"273","1","Adult","Female","Yes"
"274","1","Adult","Female","Yes"
"275","1","Adult","Female","Yes"
"276","1","Adult","Female","Yes"
"277","1","Adult","Female","Yes"
"278","1","Adult","Female","Yes"
"279","1","Adult","Female","Yes"
"280","1","Adult","Female","Yes"
"281","1","Adult","Female","Yes"
"282","1","Adult","Female","Yes"
"283","1","Adult","Female","Yes"
"284","1","Adult","Female","Yes"
"285","1","Adult","Female","Yes"
"286","1","Adult","Female","Yes"
"287","1","Adult","Female","Yes"
"288","1","Adult","Female","Yes"
"289","1","Adult","Female","Yes"
"290","1","Adult","Female","Yes"
"291","1","Adult","Female","Yes"
"292","1","Adult","Female","Yes"
"293","1","Adult","Female","Yes"
"294","1","Adult","Female","Yes"
"295","1","Adult","Female","Yes"
"296","1","Adult","Female","Yes"
"297","1","Adult","Female","Yes"
"298","1","Adult","Female","Yes"
"299","1","Adult","Female","Yes"
"300","1","Adult","Female","Yes"
"301","1","Adult","Female","Yes"
"302","1","Adult","Female","Yes"
"303","1","Adult","Female","Yes"
"304","1","Adult","Female","Yes"
"305","1","Adult","Female","Yes"
"306","1","Adult","Female","Yes"
"307","1","Adult","Female","Yes"
"308","1","Adult","Female","Yes"
"309","1","Adult","Female","Yes"
"310","1","Adult","Female","Yes"
"311","1","Adult","Female","Yes"
"312","1","Adult","Female","Yes"
"313","1","Adult","Female","Yes"
"314","1","Adult","Female","Yes"
"315","1","Adult","Female","Yes"
"316","1","Adult","Female","No"
"317","1","Adult","Female","No"
"318","1","Adult","Female","No"
"319","1","Adult","Female","No"
"320","1","Child","Male","Yes"
"321","1","Child","Male","Yes"
"322","1","Child","Male","Yes"
"323","1","Child","Male","Yes"
"324","1","Child","Male","Yes"
"325","1","Child","Female","Yes"
"326","2","Adult","Male","Yes"
"327","2","Adult","Male","Yes"
"328","2","Adult","Male","Yes"
"329","2","Adult","Male","Yes"
"330","2","Adult","Male","Yes"
"331","2","Adult","Male","Yes"
"332","2","Adult","Male","Yes"
"333","2","Adult","Male","Yes"
"334","2","Adult","Male","Yes"
"335","2","Adult","Male","Yes"
"336","2","Adult","Male","Yes"
"337","2","Adult","Male","Yes"
"338","2","Adult","Male","Yes"
"339","2","Adult","Male","Yes"
"340","2","Adult","Male","No"
"341","2","Adult","Male","No"
"342","2","Adult","Male","No"
"343","2","Adult","Male","No"
"344","2","Adult","Male","No"
"345","2","Adult","Male","No"
"346","2","Adult","Male","No"
"347","2","Adult","Male","No"
"348","2","Adult","Male","No"
"349","2","Adult","Male","No"
"350","2","Adult","Male","No"
"351","2","Adult","Male","No"
"352","2","Adult","Male","No"
"353","2","Adult","Male","No"
"354","2","Adult","Male","No"
"355","2","Adult","Male","No"
"356","2","Adult","Male","No"
"357","2","Adult","Male","No"
"358","2","Adult","Male","No"
"359","2","Adult","Male","No"
"360","2","Adult","Male","No"
"361","2","Adult","Male","No"
"362","2","Adult","Male","No"
"363","2","Adult","Male","No"
"364","2","Adult","Male","No"
"365","2","Adult","Male","No"
"366","2","Adult","Male","No"
"367","2","Adult","Male","No"
"368","2","Adult","Male","No"
"369","2","Adult","Male","No"
"370","2","Adult","Male","No"
"371","2","Adult","Male","No"
"372","2","Adult","Male","No"
"373","2","Adult","Male","No"
"374","2","Adult","Male","No"
"375","2","Adult","Male","No"
"376","2","Adult","Male","No"
"377","2","Adult","Male","No"
"378","2","Adult","Male","No"
"379","2","Adult","Male","No"
"380","2","Adult","Male","No"
"381","2","Adult","Male","No"
"382","2","Adult","Male","No"
"383","2","Adult","Male","No"
"384","2","Adult","Male","No"
"385","2","Adult","Male","No"
"386","2","Adult","Male","No"
"387","2","Adult","Male","No"
"388","2","Adult","Male","No"
"389","2","Adult","Male","No"
"390","2","Adult","Male","No"
"391","2","Adult","Male","No"
"392","2","Adult","Male","No"
"393","2","Adult","Male","No"
"394","2","Adult","Male","No"
"395","2","Adult","Male","No"
"396","2","Adult","Male","No"
"397","2","Adult","Male","No"
"398","2","Adult","Male","No"
"399","2","Adult","Male","No"
"400","2","Adult","Male","No"
"401","2","Adult","Male","No"
"402","2","Adult","Male","No"
"403","2","Adult","Male","No"
"404","2","Adult","Male","No"
"405","2","Adult","Male","No"
"406","2","Adult","Male","No"
"407","2","Adult","Male","No"
"408","2","Adult","Male","No"
"409","2","Adult","Male","No"
"410","2","Adult","Male","No"
"411","2","Adult","Male","No"
"412","2","Adult","Male","No"
"413","2","Adult","Male","No"
"414","2","Adult","Male","No"
"415","2","Adult","Male","No"
"416","2","Adult","Male","No"
"417","2","Adult","Male","No"
"418","2","Adult","Male","No"
"419","2","Adult","Male","No"
"420","2","Adult","Male","No"
"421","2","Adult","Male","No"
"422","2","Adult","Male","No"
"423","2","Adult","Male","No"
"424","2","Adult","Male","No"
"425","2","Adult","Male","No"
"426","2","Adult","Male","No"
"427","2","Adult","Male","No"
"428","2","Adult","Male","No"
"429","2","Adult","Male","No"
"430","2","Adult","Male","No"
"431","2","Adult","Male","No"
"432","2","Adult","Male","No"
"433","2","Adult","Male","No"
"434","2","Adult","Male","No"
"435","2","Adult","Male","No"
"436","2","Adult","Male","No"
"437","2","Adult","Male","No"
"438","2","Adult","Male","No"
"439","2","Adult","Male","No"
"440","2","Adult","Male","No"
"441","2","Adult","Male","No"
"442","2","Adult","Male","No"
"443","2","Adult","Male","No"
"444","2","Adult","Male","No"
"445","2","Adult","Male","No"
"446","2","Adult","Male","No"
"447","2","Adult","Male","No"
"448","2","Adult","Male","No"
"449","2","Adult","Male","No"
"450","2","Adult","Male","No"
"451","2","Adult","Male","No"
"452","2","Adult","Male","No"
"453","2","Adult","Male","No"
"454","2","Adult","Male","No"
"455","2","Adult","Male","No"
"456","2","Adult","Male","No"
"457","2","Adult","Male","No"
"458","2","Adult","Male","No"
"459","2","Adult","Male","No"
"460","2","Adult","Male","No"
"461","2","Adult","Male","No"
"462","2","Adult","Male","No"
"463","2","Adult","Male","No"
"464","2","Adult","Male","No"
"465","2","Adult","Male","No"
"466","2","Adult","Male","No"
"467","2","Adult","Male","No"
"468","2","Adult","Male","No"
"469","2","Adult","Male","No"
"470","2","Adult","Male","No"
"471","2","Adult","Male","No"
"472","2","Adult","Male","No"
"473","2","Adult","Male","No"
"474","2","Adult","Male","No"
"475","2","Adult","Male","No"
"476","2","Adult","Male","No"
"477","2","Adult","Male","No"
"478","2","Adult","Male","No"
"479","2","Adult","Male","No"
"480","2","Adult","Male","No"
"481","2","Adult","Male","No"
"482","2","Adult","Male","No"
"483","2","Adult","Male","No"
"484","2","Adult","Male","No"
"485","2","Adult","Male","No"
"486","2","Adult","Male","No"
"487","2","Adult","Male","No"
"488","2","Adult","Male","No"
"489","2","Adult","Male","No"
"490","2","Adult","Male","No"
"491","2","Adult","Male","No"
"492","2","Adult","Male","No"
"493","2","Adult","Male","No"
"494","2","Adult","Female","Yes"
"495","2","Adult","Female","Yes"
"496","2","Adult","Female","Yes"
"497","2","Adult","Female","Yes"
"498","2","Adult","Female","Yes"
"499","2","Adult","Female","Yes"
"500","2","Adult","Female","Yes"
"501","2","Adult","Female","Yes"
"502","2","Adult","Female","Yes"
"503","2","Adult","Female","Yes"
"504","2","Adult","Female","Yes"
"505","2","Adult","Female","Yes"
"506","2","Adult","Female","Yes"
"507","2","Adult","Female","Yes"
"508","2","Adult","Female","Yes"
"509","2","Adult","Female","Yes"
"510","2","Adult","Female","Yes"
"511","2","Adult","Female","Yes"
"512","2","Adult","Female","Yes"
"513","2","Adult","Female","Yes"
"514","2","Adult","Female","Yes"
"515","2","Adult","Female","Yes"
"516","2","Adult","Female","Yes"
"517","2","Adult","Female","Yes"
"518","2","Adult","Female","Yes"
"519","2","Adult","Female","Yes"
"520","2","Adult","Female","Yes"
"521","2","Adult","Female","Yes"
"522","2","Adult","Female","Yes"
"523","2","Adult","Female","Yes"
"524","2","Adult","Female","Yes"
"525","2","Adult","Female","Yes"
"526","2","Adult","Female","Yes"
"527","2","Adult","Female","Yes"
"528","2","Adult","Female","Yes"
"529","2","Adult","Female","Yes"
"530","2","Adult","Female","Yes"
"531","2","Adult","Female","Yes"
"532","2","Adult","Female","Yes"
"533","2","Adult","Female","Yes"
"534","2","Adult","Female","Yes"
"535","2","Adult","Female","Yes"
"536","2","Adult","Female","Yes"
"537","2","Adult","Female","Yes"
"538","2","Adult","Female","Yes"
"539","2","Adult","Female","Yes"
"540","2","Adult","Female","Yes"
"541","2","Adult","Female","Yes"
"542","2","Adult","Female","Yes"
"543","2","Adult","Female","Yes"
"544","2","Adult","Female","Yes"
"545","2","Adult","Female","Yes"
"546","2","Adult","Female","Yes"
"547","2","Adult","Female","Yes"
"548","2","Adult","Female","Yes"
"549","2","Adult","Female","Yes"
"550","2","Adult","Female","Yes"
"551","2","Adult","Female","Yes"
"552","2","Adult","Female","Yes"
"553","2","Adult","Female","Yes"
"554","2","Adult","Female","Yes"
"555","2","Adult","Female","Yes"
"556","2","Adult","Female","Yes"
"557","2","Adult","Female","Yes"
"558","2","Adult","Female","Yes"
"559","2","Adult","Female","Yes"
"560","2","Adult","Female","Yes"
"561","2","Adult","Female","Yes"
"562","2","Adult","Female","Yes"
"563","2","Adult","Female","Yes"
"564","2","Adult","Female","Yes"
"565","2","Adult","Female","Yes"
"566","2","Adult","Female","Yes"
"567","2","Adult","Female","Yes"
"568","2","Adult","Female","Yes"
"569","2","Adult","Female","Yes"
"570","2","Adult","Female","Yes"
"571","2","Adult","Female","Yes"
"572","2","Adult","Female","Yes"
"573","2","Adult","Female","Yes"
"574","2","Adult","Female","No"
"575","2","Adult","Female","No"
"576","2","Adult","Female","No"
"577","2","Adult","Female","No"
"578","2","Adult","Female","No"
"579","2","Adult","Female","No"
"580","2","Adult","Female","No"
"581","2","Adult","Female","No"
"582","2","Adult","Female","No"
"583","2","Adult","Female","No"
"584","2","Adult","Female","No"
"585","2","Adult","Female","No"
"586","2","Adult","Female","No"
"587","2","Child","Male","Yes"
"588","2","Child","Male","Yes"
"589","2","Child","Male","Yes"
"590","2","Child","Male","Yes"
"591","2","Child","Male","Yes"
"592","2","Child","Male","Yes"
"593","2","Child","Male","Yes"
"594","2","Child","Male","Yes"
"595","2","Child","Male","Yes"
"596","2","Child","Male","Yes"
"597","2","Child","Male","Yes"
"598","2","Child","Female","Yes"
"599","2","Child","Female","Yes"
"600","2","Child","Female","Yes"
"601","2","Child","Female","Yes"
"602","2","Child","Female","Yes"
"603","2","Child","Female","Yes"
"604","2","Child","Female","Yes"
"605","2","Child","Female","Yes"
"606","2","Child","Female","Yes"
"607","2","Child","Female","Yes"
"608","2","Child","Female","Yes"
"609","2","Child","Female","Yes"
"610","2","Child","Female","Yes"
"611","3","Adult","Male","Yes"
"612","3","Adult","Male","Yes"
"613","3","Adult","Male","Yes"
"614","3","Adult","Male","Yes"
"615","3","Adult","Male","Yes"
"616","3","Adult","Male","Yes"
"617","3","Adult","Male","Yes"
"618","3","Adult","Male","Yes"
"619","3","Adult","Male","Yes"
"620","3","Adult","Male","Yes"
"621","3","Adult","Male","Yes"
"622","3","Adult","Male","Yes"
"623","3","Adult","Male","Yes"
"624","3","Adult","Male","Yes"
"625","3","Adult","Male","Yes"
"626","3","Adult","Male","Yes"
"627","3","Adult","Male","Yes"
"628","3","Adult","Male","Yes"
"629","3","Adult","Male","Yes"
"630","3","Adult","Male","Yes"
"631","3","Adult","Male","Yes"
"632","3","Adult","Male","Yes"
"633","3","Adult","Male","Yes"
"634","3","Adult","Male","Yes"
"635","3","Adult","Male","Yes"
"636","3","Adult","Male","Yes"
"637","3","Adult","Male","Yes"
"638","3","Adult","Male","Yes"
"639","3","Adult","Male","Yes"
"640","3","Adult","Male","Yes"
"641","3","Adult","Male","Yes"
"642","3","Adult","Male","Yes"
"643","3","Adult","Male","Yes"
"644","3","Adult","Male","Yes"
"645","3","Adult","Male","Yes"
"646","3","Adult","Male","Yes"
"647","3","Adult","Male","Yes"
"648","3","Adult","Male","Yes"
"649","3","Adult","Male","Yes"
"650","3","Adult","Male","Yes"
"651","3","Adult","Male","Yes"
"652","3","Adult","Male","Yes"
"653","3","Adult","Male","Yes"
"654","3","Adult","Male","Yes"
"655","3","Adult","Male","Yes"
"656","3","Adult","Male","Yes"
"657","3","Adult","Male","Yes"
"658","3","Adult","Male","Yes"
"659","3","Adult","Male","Yes"
"660","3","Adult","Male","Yes"
"661","3","Adult","Male","Yes"
"662","3","Adult","Male","Yes"
"663","3","Adult","Male","Yes"
"664","3","Adult","Male","Yes"
"665","3","Adult","Male","Yes"
"666","3","Adult","Male","Yes"
"667","3","Adult","Male","Yes"
"668","3","Adult","Male","Yes"
"669","3","Adult","Male","Yes"
"670","3","Adult","Male","Yes"
"671","3","Adult","Male","Yes"
"672","3","Adult","Male","Yes"
"673","3","Adult","Male","Yes"
"674","3","Adult","Male","Yes"
"675","3","Adult","Male","Yes"
"676","3","Adult","Male","Yes"
"677","3","Adult","Male","Yes"
"678","3","Adult","Male","Yes"
"679","3","Adult","Male","Yes"
"680","3","Adult","Male","Yes"
"681","3","Adult","Male","Yes"
"682","3","Adult","Male","Yes"
"683","3","Adult","Male","Yes"
"684","3","Adult","Male","Yes"
"685","3","Adult","Male","Yes"
"686","3","Adult","Male","No"
"687","3","Adult","Male","No"
"688","3","Adult","Male","No"
"689","3","Adult","Male","No"
"690","3","Adult","Male","No"
"691","3","Adult","Male","No"
"692","3","Adult","Male","No"
"693","3","Adult","Male","No"
"694","3","Adult","Male","No"
"695","3","Adult","Male","No"
"696","3","Adult","Male","No"
"697","3","Adult","Male","No"
"698","3","Adult","Male","No"
"699","3","Adult","Male","No"
"700","3","Adult","Male","No"
"701","3","Adult","Male","No"
"702","3","Adult","Male","No"
"703","3","Adult","Male","No"
"704","3","Adult","Male","No"
"705","3","Adult","Male","No"
"706","3","Adult","Male","No"
"707","3","Adult","Male","No"
"708","3","Adult","Male","No"
"709","3","Adult","Male","No"
"710","3","Adult","Male","No"
"711","3","Adult","Male","No"
"712","3","Adult","Male","No"
"713","3","Adult","Male","No"
"714","3","Adult","Male","No"
"715","3","Adult","Male","No"
"716","3","Adult","Male","No"
"717","3","Adult","Male","No"
"718","3","Adult","Male","No"
"719","3","Adult","Male","No"
"720","3","Adult","Male","No"
"721","3","Adult","Male","No"
"722","3","Adult","Male","No"
"723","3","Adult","Male","No"
"724","3","Adult","Male","No"
"725","3","Adult","Male","No"
"726","3","Adult","Male","No"
"727","3","Adult","Male","No"
"728","3","Adult","Male","No"
"729","3","Adult","Male","No"
"730","3","Adult","Male","No"
"731","3","Adult","Male","No"
"732","3","Adult","Male","No"
"733","3","Adult","Male","No"
"734","3","Adult","Male","No"
"735","3","Adult","Male","No"
"736","3","Adult","Male","No"
"737","3","Adult","Male","No"
"738","3","Adult","Male","No"
"739","3","Adult","Male","No"
"740","3","Adult","Male","No"
"741","3","Adult","Male","No"
"742","3","Adult","Male","No"
"743","3","Adult","Male","No"
"744","3","Adult","Male","No"
"745","3","Adult","Male","No"
"746","3","Adult","Male","No"
"747","3","Adult","Male","No"
"748","3","Adult","Male","No"
"749","3","Adult","Male","No"
"750","3","Adult","Male","No"
"751","3","Adult","Male","No"
"752","3","Adult","Male","No"
"753","3","Adult","Male","No"
"754","3","Adult","Male","No"
"755","3","Adult","Male","No"
"756","3","Adult","Male","No"
"757","3","Adult","Male","No"
"758","3","Adult","Male","No"
"759","3","Adult","Male","No"
"760","3","Adult","Male","No"
"761","3","Adult","Male","No"
"762","3","Adult","Male","No"
"763","3","Adult","Male","No"
"764","3","Adult","Male","No"
"765","3","Adult","Male","No"
"766","3","Adult","Male","No"
"767","3","Adult","Male","No"
"768","3","Adult","Male","No"
"769","3","Adult","Male","No"
"770","3","Adult","Male","No"
"771","3","Adult","Male","No"
"772","3","Adult","Male","No"
"773","3","Adult","Male","No"
"774","3","Adult","Male","No"
"775","3","Adult","Male","No"
"776","3","Adult","Male","No"
"777","3","Adult","Male","No"
"778","3","Adult","Male","No"
"779","3","Adult","Male","No"
"780","3","Adult","Male","No"
"781","3","Adult","Male","No"
"782","3","Adult","Male","No"
"783","3","Adult","Male","No"
"784","3","Adult","Male","No"
"785","3","Adult","Male","No"
"786","3","Adult","Male","No"
"787","3","Adult","Male","No"
"788","3","Adult","Male","No"
"789","3","Adult","Male","No"
"790","3","Adult","Male","No"
"791","3","Adult","Male","No"
"792","3","Adult","Male","No"
"793","3","Adult","Male","No"
"794","3","Adult","Male","No"
"795","3","Adult","Male","No"
"796","3","Adult","Male","No"
"797","3","Adult","Male","No"
"798","3","Adult","Male","No"
"799","3","Adult","Male","No"
"800","3","Adult","Male","No"
"801","3","Adult","Male","No"
"802","3","Adult","Male","No"
"803","3","Adult","Male","No"
"804","3","Adult","Male","No"
"805","3","Adult","Male","No"
"806","3","Adult","Male","No"
"807","3","Adult","Male","No"
"808","3","Adult","Male","No"
"809","3","Adult","Male","No"
"810","3","Adult","Male","No"
"811","3","Adult","Male","No"
"812","3","Adult","Male","No"
"813","3","Adult","Male","No"
"814","3","Adult","Male","No"
"815","3","Adult","Male","No"
"816","3","Adult","Male","No"
"817","3","Adult","Male","No"
"818","3","Adult","Male","No"
"819","3","Adult","Male","No"
"820","3","Adult","Male","No"
"821","3","Adult","Male","No"
"822","3","Adult","Male","No"
"823","3","Adult","Male","No"
"824","3","Adult","Male","No"
"825","3","Adult","Male","No"
"826","3","Adult","Male","No"
"827","3","Adult","Male","No"
"828","3","Adult","Male","No"
"829","3","Adult","Male","No"
"830","3","Adult","Male","No"
"831","3","Adult","Male","No"
"832","3","Adult","Male","No"
"833","3","Adult","Male","No"
"834","3","Adult","Male","No"
"835","3","Adult","Male","No"
"836","3","Adult","Male","No"
"837","3","Adult","Male","No"
"838","3","Adult","Male","No"
"839","3","Adult","Male","No"
"840","3","Adult","Male","No"
"841","3","Adult","Male","No"
"842","3","Adult","Male","No"
"843","3","Adult","Male","No"
"844","3","Adult","Male","No"
"845","3","Adult","Male","No"
"846","3","Adult","Male","No"
"847","3","Adult","Male","No"
"848","3","Adult","Male","No"
"849","3","Adult","Male","No"
"850","3","Adult","Male","No"
"851","3","Adult","Male","No"
"852","3","Adult","Male","No"
"853","3","Adult","Male","No"
"854","3","Adult","Male","No"
"855","3","Adult","Male","No"
"856","3","Adult","Male","No"
"857","3","Adult","Male","No"
"858","3","Adult","Male","No"
"859","3","Adult","Male","No"
"860","3","Adult","Male","No"
"861","3","Adult","Male","No"
"862","3","Adult","Male","No"
"863","3","Adult","Male","No"
"864","3","Adult","Male","No"
"865","3","Adult","Male","No"
"866","3","Adult","Male","No"
"867","3","Adult","Male","No"
"868","3","Adult","Male","No"
"869","3","Adult","Male","No"
"870","3","Adult","Male","No"
"871","3","Adult","Male","No"
"872","3","Adult","Male","No"
"873","3","Adult","Male","No"
"874","3","Adult","Male","No"
"875","3","Adult","Male","No"
"876","3","Adult","Male","No"
"877","3","Adult","Male","No"
"878","3","Adult","Male","No"
"879","3","Adult","Male","No"
"880","3","Adult","Male","No"
"881","3","Adult","Male","No"
"882","3","Adult","Male","No"
"883","3","Adult","Male","No"
"884","3","Adult","Male","No"
"885","3","Adult","Male","No"
"886","3","Adult","Male","No"
"887","3","Adult","Male","No"
"888","3","Adult","Male","No"
"889","3","Adult","Male","No"
"890","3","Adult","Male","No"
"891","3","Adult","Male","No"
"892","3","Adult","Male","No"
"893","3","Adult","Male","No"
"894","3","Adult","Male","No"
"895","3","Adult","Male","No"
"896","3","Adult","Male","No"
"897","3","Adult","Male","No"
"898","3","Adult","Male","No"
"899","3","Adult","Male","No"
"900","3","Adult","Male","No"
"901","3","Adult","Male","No"
"902","3","Adult","Male","No"
"903","3","Adult","Male","No"
"904","3","Adult","Male","No"
"905","3","Adult","Male","No"
"906","3","Adult","Male","No"
"907","3","Adult","Male","No"
"908","3","Adult","Male","No"
"909","3","Adult","Male","No"
"910","3","Adult","Male","No"
"911","3","Adult","Male","No"
"912","3","Adult","Male","No"
"913","3","Adult","Male","No"
"914","3","Adult","Male","No"
"915","3","Adult","Male","No"
"916","3","Adult","Male","No"
"917","3","Adult","Male","No"
"918","3","Adult","Male","No"
"919","3","Adult","Male","No"
"920","3","Adult","Male","No"
"921","3","Adult","Male","No"
"922","3","Adult","Male","No"
"923","3","Adult","Male","No"
"924","3","Adult","Male","No"
"925","3","Adult","Male","No"
"926","3","Adult","Male","No"
"927","3","Adult","Male","No"
"928","3","Adult","Male","No"
"929","3","Adult","Male","No"
"930","3","Adult","Male","No"
"931","3","Adult","Male","No"
"932","3","Adult","Male","No"
"933","3","Adult","Male","No"
"934","3","Adult","Male","No"
"935","3","Adult","Male","No"
"936","3","Adult","Male","No"
"937","3","Adult","Male","No"
"938","3","Adult","Male","No"
"939","3","Adult","Male","No"
"940","3","Adult","Male","No"
"941","3","Adult","Male","No"
"942","3","Adult","Male","No"
"943","3","Adult","Male","No"
"944","3","Adult","Male","No"
"945","3","Adult","Male","No"
"946","3","Adult","Male","No"
"947","3","Adult","Male","No"
"948","3","Adult","Male","No"
"949","3","Adult","Male","No"
"950","3","Adult","Male","No"
"951","3","Adult","Male","No"
"952","3","Adult","Male","No"
"953","3","Adult","Male","No"
"954","3","Adult","Male","No"
"955","3","Adult","Male","No"
"956","3","Adult","Male","No"
"957","3","Adult","Male","No"
"958","3","Adult","Male","No"
"959","3","Adult","Male","No"
"960","3","Adult","Male","No"
"961","3","Adult","Male","No"
"962","3","Adult","Male","No"
"963","3","Adult","Male","No"
"964","3","Adult","Male","No"
"965","3","Adult","Male","No"
"966","3","Adult","Male","No"
"967","3","Adult","Male","No"
"968","3","Adult","Male","No"
"969","3","Adult","Male","No"
"970","3","Adult","Male","No"
"971","3","Adult","Male","No"
"972","3","Adult","Male","No"
"973","3","Adult","Male","No"
"974","3","Adult","Male","No"
"975","3","Adult","Male","No"
"976","3","Adult","Male","No"
"977","3","Adult","Male","No"
"978","3","Adult","Male","No"
"979","3","Adult","Male","No"
"980","3","Adult","Male","No"
"981","3","Adult","Male","No"
"982","3","Adult","Male","No"
"983","3","Adult","Male","No"
"984","3","Adult","Male","No"
"985","3","Adult","Male","No"
"986","3","Adult","Male","No"
"987","3","Adult","Male","No"
"988","3","Adult","Male","No"
"989","3","Adult","Male","No"
"990","3","Adult","Male","No"
"991","3","Adult","Male","No"
"992","3","Adult","Male","No"
"993","3","Adult","Male","No"
"994","3","Adult","Male","No"
"995","3","Adult","Male","No"
"996","3","Adult","Male","No"
"997","3","Adult","Male","No"
"998","3","Adult","Male","No"
"999","3","Adult","Male","No"
"1000","3","Adult","Male","No"
"1001","3","Adult","Male","No"
"1002","3","Adult","Male","No"
"1003","3","Adult","Male","No"
"1004","3","Adult","Male","No"
"1005","3","Adult","Male","No"
"1006","3","Adult","Male","No"
"1007","3","Adult","Male","No"
"1008","3","Adult","Male","No"
"1009","3","Adult","Male","No"
"1010","3","Adult","Male","No"
"1011","3","Adult","Male","No"
"1012","3","Adult","Male","No"
"1013","3","Adult","Male","No"
"1014","3","Adult","Male","No"
"1015","3","Adult","Male","No"
"1016","3","Adult","Male","No"
"1017","3","Adult","Male","No"
"1018","3","Adult","Male","No"
"1019","3","Adult","Male","No"
"1020","3","Adult","Male","No"
"1021","3","Adult","Male","No"
"1022","3","Adult","Male","No"
"1023","3","Adult","Male","No"
"1024","3","Adult","Male","No"
"1025","3","Adult","Male","No"
"1026","3","Adult","Male","No"
"1027","3","Adult","Male","No"
"1028","3","Adult","Male","No"
"1029","3","Adult","Male","No"
"1030","3","Adult","Male","No"
"1031","3","Adult","Male","No"
"1032","3","Adult","Male","No"
"1033","3","Adult","Male","No"
"1034","3","Adult","Male","No"
"1035","3","Adult","Male","No"
"1036","3","Adult","Male","No"
"1037","3","Adult","Male","No"
"1038","3","Adult","Male","No"
"1039","3","Adult","Male","No"
"1040","3","Adult","Male","No"
"1041","3","Adult","Male","No"
"1042","3","Adult","Male","No"
"1043","3","Adult","Male","No"
"1044","3","Adult","Male","No"
"1045","3","Adult","Male","No"
"1046","3","Adult","Male","No"
"1047","3","Adult","Male","No"
"1048","3","Adult","Male","No"
"1049","3","Adult","Male","No"
"1050","3","Adult","Male","No"
"1051","3","Adult","Male","No"
"1052","3","Adult","Male","No"
"1053","3","Adult","Male","No"
"1054","3","Adult","Male","No"
"1055","3","Adult","Male","No"
"1056","3","Adult","Male","No"
"1057","3","Adult","Male","No"
"1058","3","Adult","Male","No"
"1059","3","Adult","Male","No"
"1060","3","Adult","Male","No"
"1061","3","Adult","Male","No"
"1062","3","Adult","Male","No"
"1063","3","Adult","Male","No"
"1064","3","Adult","Male","No"
"1065","3","Adult","Male","No"
"1066","3","Adult","Male","No"
"1067","3","Adult","Male","No"
"1068","3","Adult","Male","No"
"1069","3","Adult","Male","No"
"1070","3","Adult","Male","No"
"1071","3","Adult","Male","No"
"1072","3","Adult","Male","No"
"1073","3","Adult","Female","Yes"
"1074","3","Adult","Female","Yes"
"1075","3","Adult","Female","Yes"
"1076","3","Adult","Female","Yes"
"1077","3","Adult","Female","Yes"
"1078","3","Adult","Female","Yes"
"1079","3","Adult","Female","Yes"
"1080","3","Adult","Female","Yes"
"1081","3","Adult","Female","Yes"
"1082","3","Adult","Female","Yes"
"1083","3","Adult","Female","Yes"
"1084","3","Adult","Female","Yes"
"1085","3","Adult","Female","Yes"
"1086","3","Adult","Female","Yes"
"1087","3","Adult","Female","Yes"
"1088","3","Adult","Female","Yes"
"1089","3","Adult","Female","Yes"
"1090","3","Adult","Female","Yes"
"1091","3","Adult","Female","Yes"
"1092","3","Adult","Female","Yes"
"1093","3","Adult","Female","Yes"
"1094","3","Adult","Female","Yes"
"1095","3","Adult","Female","Yes"
"1096","3","Adult","Female","Yes"
"1097","3","Adult","Female","Yes"
"1098","3","Adult","Female","Yes"
"1099","3","Adult","Female","Yes"
"1100","3","Adult","Female","Yes"
"1101","3","Adult","Female","Yes"
"1102","3","Adult","Female","Yes"
"1103","3","Adult","Female","Yes"
"1104","3","Adult","Female","Yes"
"1105","3","Adult","Female","Yes"
"1106","3","Adult","Female","Yes"
"1107","3","Adult","Female","Yes"
"1108","3","Adult","Female","Yes"
"1109","3","Adult","Female","Yes"
"1110","3","Adult","Female","Yes"
"1111","3","Adult","Female","Yes"
"1112","3","Adult","Female","Yes"
"1113","3","Adult","Female","Yes"
"1114","3","Adult","Female","Yes"
"1115","3","Adult","Female","Yes"
"1116","3","Adult","Female","Yes"
"1117","3","Adult","Female","Yes"
"1118","3","Adult","Female","Yes"
"1119","3","Adult","Female","Yes"
"1120","3","Adult","Female","Yes"
"1121","3","Adult","Female","Yes"
"1122","3","Adult","Female","Yes"
"1123","3","Adult","Female","Yes"
"1124","3","Adult","Female","Yes"
"1125","3","Adult","Female","Yes"
"1126","3","Adult","Female","Yes"
"1127","3","Adult","Female","Yes"
"1128","3","Adult","Female","Yes"
"1129","3","Adult","Female","Yes"
"1130","3","Adult","Female","Yes"
"1131","3","Adult","Female","Yes"
"1132","3","Adult","Female","Yes"
"1133","3","Adult","Female","Yes"
"1134","3","Adult","Female","Yes"
"1135","3","Adult","Female","Yes"
"1136","3","Adult","Female","Yes"
"1137","3","Adult","Female","Yes"
"1138","3","Adult","Female","Yes"
"1139","3","Adult","Female","Yes"
"1140","3","Adult","Female","Yes"
"1141","3","Adult","Female","Yes"
"1142","3","Adult","Female","Yes"
"1143","3","Adult","Female","Yes"
"1144","3","Adult","Female","Yes"
"1145","3","Adult","Female","Yes"
"1146","3","Adult","Female","Yes"
"1147","3","Adult","Female","Yes"
"1148","3","Adult","Female","Yes"
"1149","3","Adult","Female","No"
"1150","3","Adult","Female","No"
"1151","3","Adult","Female","No"
"1152","3","Adult","Female","No"
"1153","3","Adult","Female","No"
"1154","3","Adult","Female","No"
"1155","3","Adult","Female","No"
"1156","3","Adult","Female","No"
"1157","3","Adult","Female","No"
"1158","3","Adult","Female","No"
"1159","3","Adult","Female","No"
"1160","3","Adult","Female","No"
"1161","3","Adult","Female","No"
"1162","3","Adult","Female","No"
"1163","3","Adult","Female","No"
"1164","3","Adult","Female","No"
"1165","3","Adult","Female","No"
"1166","3","Adult","Female","No"
"1167","3","Adult","Female","No"
"1168","3","Adult","Female","No"
"1169","3","Adult","Female","No"
"1170","3","Adult","Female","No"
"1171","3","Adult","Female","No"
"1172","3","Adult","Female","No"
"1173","3","Adult","Female","No"
"1174","3","Adult","Female","No"
"1175","3","Adult","Female","No"
"1176","3","Adult","Female","No"
"1177","3","Adult","Female","No"
"1178","3","Adult","Female","No"
"1179","3","Adult","Female","No"
"1180","3","Adult","Female","No"
"1181","3","Adult","Female","No"
"1182","3","Adult","Female","No"
"1183","3","Adult","Female","No"
"1184","3","Adult","Female","No"
"1185","3","Adult","Female","No"
"1186","3","Adult","Female","No"
"1187","3","Adult","Female","No"
"1188","3","Adult","Female","No"
"1189","3","Adult","Female","No"
"1190","3","Adult","Female","No"
"1191","3","Adult","Female","No"
"1192","3","Adult","Female","No"
"1193","3","Adult","Female","No"
"1194","3","Adult","Female","No"
"1195","3","Adult","Female","No"
"1196","3","Adult","Female","No"
"1197","3","Adult","Female","No"
"1198","3","Adult","Female","No"
"1199","3","Adult","Female","No"
"1200","3","Adult","Female","No"
"1201","3","Adult","Female","No"
"1202","3","Adult","Female","No"
"1203","3","Adult","Female","No"
"1204","3","Adult","Female","No"
"1205","3","Adult","Female","No"
"1206","3","Adult","Female","No"
"1207","3","Adult","Female","No"
"1208","3","Adult","Female","No"
"1209","3","Adult","Female","No"
"1210","3","Adult","Female","No"
"1211","3","Adult","Female","No"
"1212","3","Adult","Female","No"
"1213","3","Adult","Female","No"
"1214","3","Adult","Female","No"
"1215","3","Adult","Female","No"
"1216","3","Adult","Female","No"
"1217","3","Adult","Female","No"
"1218","3","Adult","Female","No"
"1219","3","Adult","Female","No"
"1220","3","Adult","Female","No"
"1221","3","Adult","Female","No"
"1222","3","Adult","Female","No"
"1223","3","Adult","Female","No"
"1224","3","Adult","Female","No"
"1225","3","Adult","Female","No"
"1226","3","Adult","Female","No"
"1227","3","Adult","Female","No"
"1228","3","Adult","Female","No"
"1229","3","Adult","Female","No"
"1230","3","Adult","Female","No"
"1231","3","Adult","Female","No"
"1232","3","Adult","Female","No"
"1233","3","Adult","Female","No"
"1234","3","Adult","Female","No"
"1235","3","Adult","Female","No"
"1236","3","Adult","Female","No"
"1237","3","Adult","Female","No"
"1238","3","Child","Male","Yes"
"1239","3","Child","Male","Yes"
"1240","3","Child","Male","Yes"
"1241","3","Child","Male","Yes"
"1242","3","Child","Male","Yes"
"1243","3","Child","Male","Yes"
"1244","3","Child","Male","Yes"
"1245","3","Child","Male","Yes"
"1246","3","Child","Male","Yes"
"1247","3","Child","Male","Yes"
"1248","3","Child","Male","Yes"
"1249","3","Child","Male","Yes"
"1250","3","Child","Male","Yes"
"1251","3","Child","Male","No"
"1252","3","Child","Male","No"
"1253","3","Child","Male","No"
"1254","3","Child","Male","No"
"1255","3","Child","Male","No"
"1256","3","Child","Male","No"
"1257","3","Child","Male","No"
"1258","3","Child","Male","No"
"1259","3","Child","Male","No"
"1260","3","Child","Male","No"
"1261","3","Child","Male","No"
"1262","3","Child","Male","No"
"1263","3","Child","Male","No"
"1264","3","Child","Male","No"
"1265","3","Child","Male","No"
"1266","3","Child","Male","No"
"1267","3","Child","Male","No"
"1268","3","Child","Male","No"
"1269","3","Child","Male","No"
"1270","3","Child","Male","No"
"1271","3","Child","Male","No"
"1272","3","Child","Male","No"
"1273","3","Child","Male","No"
"1274","3","Child","Male","No"
"1275","3","Child","Male","No"
"1276","3","Child","Male","No"
"1277","3","Child","Male","No"
"1278","3","Child","Male","No"
"1279","3","Child","Male","No"
"1280","3","Child","Male","No"
"1281","3","Child","Male","No"
"1282","3","Child","Male","No"
"1283","3","Child","Male","No"
"1284","3","Child","Male","No"
"1285","3","Child","Male","No"
"1286","3","Child","Female","Yes"
"1287","3","Child","Female","Yes"
"1288","3","Child","Female","Yes"
"1289","3","Child","Female","Yes"
"1290","3","Child","Female","Yes"
"1291","3","Child","Female","Yes"
"1292","3","Child","Female","Yes"
"1293","3","Child","Female","Yes"
"1294","3","Child","Female","Yes"
"1295","3","Child","Female","Yes"
"1296","3","Child","Female","Yes"
"1297","3","Child","Female","Yes"
"1298","3","Child","Female","Yes"
"1299","3","Child","Female","Yes"
"1300","3","Child","Female","No"
"1301","3","Child","Female","No"
"1302","3","Child","Female","No"
"1303","3","Child","Female","No"
"1304","3","Child","Female","No"
"1305","3","Child","Female","No"
"1306","3","Child","Female","No"
"1307","3","Child","Female","No"
"1308","3","Child","Female","No"
"1309","3","Child","Female","No"
"1310","3","Child","Female","No"
"1311","3","Child","Female","No"
"1312","3","Child","Female","No"
"1313","3","Child","Female","No"
"1314","3","Child","Female","No"
"1315","3","Child","Female","No"
"1316","3","Child","Female","No"
"1317","Crew","Adult","Male","Yes"
"1318","Crew","Adult","Male","Yes"
"1319","Crew","Adult","Male","Yes"
"1320","Crew","Adult","Male","Yes"
"1321","Crew","Adult","Male","Yes"
"1322","Crew","Adult","Male","Yes"
"1323","Crew","Adult","Male","Yes"
"1324","Crew","Adult","Male","Yes"
"1325","Crew","Adult","Male","Yes"
"1326","Crew","Adult","Male","Yes"
"1327","Crew","Adult","Male","Yes"
"1328","Crew","Adult","Male","Yes"
"1329","Crew","Adult","Male","Yes"
"1330","Crew","Adult","Male","Yes"
"1331","Crew","Adult","Male","Yes"
"1332","Crew","Adult","Male","Yes"
"1333","Crew","Adult","Male","Yes"
"1334","Crew","Adult","Male","Yes"
"1335","Crew","Adult","Male","Yes"
"1336","Crew","Adult","Male","Yes"
"1337","Crew","Adult","Male","Yes"
"1338","Crew","Adult","Male","Yes"
"1339","Crew","Adult","Male","Yes"
"1340","Crew","Adult","Male","Yes"
"1341","Crew","Adult","Male","Yes"
"1342","Crew","Adult","Male","Yes"
"1343","Crew","Adult","Male","Yes"
"1344","Crew","Adult","Male","Yes"
"1345","Crew","Adult","Male","Yes"
"1346","Crew","Adult","Male","Yes"
"1347","Crew","Adult","Male","Yes"
"1348","Crew","Adult","Male","Yes"
"1349","Crew","Adult","Male","Yes"
"1350","Crew","Adult","Male","Yes"
"1351","Crew","Adult","Male","Yes"
"1352","Crew","Adult","Male","Yes"
"1353","Crew","Adult","Male","Yes"
"1354","Crew","Adult","Male","Yes"
"1355","Crew","Adult","Male","Yes"
"1356","Crew","Adult","Male","Yes"
"1357","Crew","Adult","Male","Yes"
"1358","Crew","Adult","Male","Yes"
"1359","Crew","Adult","Male","Yes"
"1360","Crew","Adult","Male","Yes"
"1361","Crew","Adult","Male","Yes"
"1362","Crew","Adult","Male","Yes"
"1363","Crew","Adult","Male","Yes"
"1364","Crew","Adult","Male","Yes"
"1365","Crew","Adult","Male","Yes"
"1366","Crew","Adult","Male","Yes"
"1367","Crew","Adult","Male","Yes"
"1368","Crew","Adult","Male","Yes"
"1369","Crew","Adult","Male","Yes"
"1370","Crew","Adult","Male","Yes"
"1371","Crew","Adult","Male","Yes"
"1372","Crew","Adult","Male","Yes"
"1373","Crew","Adult","Male","Yes"
"1374","Crew","Adult","Male","Yes"
"1375","Crew","Adult","Male","Yes"
"1376","Crew","Adult","Male","Yes"
"1377","Crew","Adult","Male","Yes"
"1378","Crew","Adult","Male","Yes"
"1379","Crew","Adult","Male","Yes"
"1380","Crew","Adult","Male","Yes"
"1381","Crew","Adult","Male","Yes"
"1382","Crew","Adult","Male","Yes"
"1383","Crew","Adult","Male","Yes"
"1384","Crew","Adult","Male","Yes"
"1385","Crew","Adult","Male","Yes"
"1386","Crew","Adult","Male","Yes"
"1387","Crew","Adult","Male","Yes"
"1388","Crew","Adult","Male","Yes"
"1389","Crew","Adult","Male","Yes"
"1390","Crew","Adult","Male","Yes"
"1391","Crew","Adult","Male","Yes"
"1392","Crew","Adult","Male","Yes"
"1393","Crew","Adult","Male","Yes"
"1394","Crew","Adult","Male","Yes"
"1395","Crew","Adult","Male","Yes"
"1396","Crew","Adult","Male","Yes"
"1397","Crew","Adult","Male","Yes"
"1398","Crew","Adult","Male","Yes"
"1399","Crew","Adult","Male","Yes"
"1400","Crew","Adult","Male","Yes"
"1401","Crew","Adult","Male","Yes"
"1402","Crew","Adult","Male","Yes"
"1403","Crew","Adult","Male","Yes"
"1404","Crew","Adult","Male","Yes"
"1405","Crew","Adult","Male","Yes"
"1406","Crew","Adult","Male","Yes"
"1407","Crew","Adult","Male","Yes"
"1408","Crew","Adult","Male","Yes"
"1409","Crew","Adult","Male","Yes"
"1410","Crew","Adult","Male","Yes"
"1411","Crew","Adult","Male","Yes"
"1412","Crew","Adult","Male","Yes"
"1413","Crew","Adult","Male","Yes"
"1414","Crew","Adult","Male","Yes"
"1415","Crew","Adult","Male","Yes"
"1416","Crew","Adult","Male","Yes"
"1417","Crew","Adult","Male","Yes"
"1418","Crew","Adult","Male","Yes"
"1419","Crew","Adult","Male","Yes"
"1420","Crew","Adult","Male","Yes"
"1421","Crew","Adult","Male","Yes"
"1422","Crew","Adult","Male","Yes"
"1423","Crew","Adult","Male","Yes"
"1424","Crew","Adult","Male","Yes"
"1425","Crew","Adult","Male","Yes"
"1426","Crew","Adult","Male","Yes"
"1427","Crew","Adult","Male","Yes"
"1428","Crew","Adult","Male","Yes"
"1429","Crew","Adult","Male","Yes"
"1430","Crew","Adult","Male","Yes"
"1431","Crew","Adult","Male","Yes"
"1432","Crew","Adult","Male","Yes"
"1433","Crew","Adult","Male","Yes"
"1434","Crew","Adult","Male","Yes"
"1435","Crew","Adult","Male","Yes"
"1436","Crew","Adult","Male","Yes"
"1437","Crew","Adult","Male","Yes"
"1438","Crew","Adult","Male","Yes"
"1439","Crew","Adult","Male","Yes"
"1440","Crew","Adult","Male","Yes"
"1441","Crew","Adult","Male","Yes"
"1442","Crew","Adult","Male","Yes"
"1443","Crew","Adult","Male","Yes"
"1444","Crew","Adult","Male","Yes"
"1445","Crew","Adult","Male","Yes"
"1446","Crew","Adult","Male","Yes"
"1447","Crew","Adult","Male","Yes"
"1448","Crew","Adult","Male","Yes"
"1449","Crew","Adult","Male","Yes"
"1450","Crew","Adult","Male","Yes"
"1451","Crew","Adult","Male","Yes"
"1452","Crew","Adult","Male","Yes"
"1453","Crew","Adult","Male","Yes"
"1454","Crew","Adult","Male","Yes"
"1455","Crew","Adult","Male","Yes"
"1456","Crew","Adult","Male","Yes"
"1457","Crew","Adult","Male","Yes"
"1458","Crew","Adult","Male","Yes"
"1459","Crew","Adult","Male","Yes"
"1460","Crew","Adult","Male","Yes"
"1461","Crew","Adult","Male","Yes"
"1462","Crew","Adult","Male","Yes"
"1463","Crew","Adult","Male","Yes"
"1464","Crew","Adult","Male","Yes"
"1465","Crew","Adult","Male","Yes"
"1466","Crew","Adult","Male","Yes"
"1467","Crew","Adult","Male","Yes"
"1468","Crew","Adult","Male","Yes"
"1469","Crew","Adult","Male","Yes"
"1470","Crew","Adult","Male","Yes"
"1471","Crew","Adult","Male","Yes"
"1472","Crew","Adult","Male","Yes"
"1473","Crew","Adult","Male","Yes"
"1474","Crew","Adult","Male","Yes"
"1475","Crew","Adult","Male","Yes"
"1476","Crew","Adult","Male","Yes"
"1477","Crew","Adult","Male","Yes"
"1478","Crew","Adult","Male","Yes"
"1479","Crew","Adult","Male","Yes"
"1480","Crew","Adult","Male","Yes"
"1481","Crew","Adult","Male","Yes"
"1482","Crew","Adult","Male","Yes"
"1483","Crew","Adult","Male","Yes"
"1484","Crew","Adult","Male","Yes"
"1485","Crew","Adult","Male","Yes"
"1486","Crew","Adult","Male","Yes"
"1487","Crew","Adult","Male","Yes"
"1488","Crew","Adult","Male","Yes"
"1489","Crew","Adult","Male","Yes"
"1490","Crew","Adult","Male","Yes"
"1491","Crew","Adult","Male","Yes"
"1492","Crew","Adult","Male","Yes"
"1493","Crew","Adult","Male","Yes"
"1494","Crew","Adult","Male","Yes"
"1495","Crew","Adult","Male","Yes"
"1496","Crew","Adult","Male","Yes"
"1497","Crew","Adult","Male","Yes"
"1498","Crew","Adult","Male","Yes"
"1499","Crew","Adult","Male","Yes"
"1500","Crew","Adult","Male","Yes"
"1501","Crew","Adult","Male","Yes"
"1502","Crew","Adult","Male","Yes"
"1503","Crew","Adult","Male","Yes"
"1504","Crew","Adult","Male","Yes"
"1505","Crew","Adult","Male","Yes"
"1506","Crew","Adult","Male","Yes"
"1507","Crew","Adult","Male","Yes"
"1508","Crew","Adult","Male","Yes"
"1509","Crew","Adult","Male","No"
"1510","Crew","Adult","Male","No"
"1511","Crew","Adult","Male","No"
"1512","Crew","Adult","Male","No"
"1513","Crew","Adult","Male","No"
"1514","Crew","Adult","Male","No"
"1515","Crew","Adult","Male","No"
"1516","Crew","Adult","Male","No"
"1517","Crew","Adult","Male","No"
"1518","Crew","Adult","Male","No"
"1519","Crew","Adult","Male","No"
"1520","Crew","Adult","Male","No"
"1521","Crew","Adult","Male","No"
"1522","Crew","Adult","Male","No"
"1523","Crew","Adult","Male","No"
"1524","Crew","Adult","Male","No"
"1525","Crew","Adult","Male","No"
"1526","Crew","Adult","Male","No"
"1527","Crew","Adult","Male","No"
"1528","Crew","Adult","Male","No"
"1529","Crew","Adult","Male","No"
"1530","Crew","Adult","Male","No"
"1531","Crew","Adult","Male","No"
"1532","Crew","Adult","Male","No"
"1533","Crew","Adult","Male","No"
"1534","Crew","Adult","Male","No"
"1535","Crew","Adult","Male","No"
"1536","Crew","Adult","Male","No"
"1537","Crew","Adult","Male","No"
"1538","Crew","Adult","Male","No"
"1539","Crew","Adult","Male","No"
"1540","Crew","Adult","Male","No"
"1541","Crew","Adult","Male","No"
"1542","Crew","Adult","Male","No"
"1543","Crew","Adult","Male","No"
"1544","Crew","Adult","Male","No"
"1545","Crew","Adult","Male","No"
"1546","Crew","Adult","Male","No"
"1547","Crew","Adult","Male","No"
"1548","Crew","Adult","Male","No"
"1549","Crew","Adult","Male","No"
"1550","Crew","Adult","Male","No"
"1551","Crew","Adult","Male","No"
"1552","Crew","Adult","Male","No"
"1553","Crew","Adult","Male","No"
"1554","Crew","Adult","Male","No"
"1555","Crew","Adult","Male","No"
"1556","Crew","Adult","Male","No"
"1557","Crew","Adult","Male","No"
"1558","Crew","Adult","Male","No"
"1559","Crew","Adult","Male","No"
"1560","Crew","Adult","Male","No"
"1561","Crew","Adult","Male","No"
"1562","Crew","Adult","Male","No"
"1563","Crew","Adult","Male","No"
"1564","Crew","Adult","Male","No"
"1565","Crew","Adult","Male","No"
"1566","Crew","Adult","Male","No"
"1567","Crew","Adult","Male","No"
"1568","Crew","Adult","Male","No"
"1569","Crew","Adult","Male","No"
"1570","Crew","Adult","Male","No"
"1571","Crew","Adult","Male","No"
"1572","Crew","Adult","Male","No"
"1573","Crew","Adult","Male","No"
"1574","Crew","Adult","Male","No"
"1575","Crew","Adult","Male","No"
"1576","Crew","Adult","Male","No"
"1577","Crew","Adult","Male","No"
"1578","Crew","Adult","Male","No"
"1579","Crew","Adult","Male","No"
"1580","Crew","Adult","Male","No"
"1581","Crew","Adult","Male","No"
"1582","Crew","Adult","Male","No"
"1583","Crew","Adult","Male","No"
"1584","Crew","Adult","Male","No"
"1585","Crew","Adult","Male","No"
"1586","Crew","Adult","Male","No"
"1587","Crew","Adult","Male","No"
"1588","Crew","Adult","Male","No"
"1589","Crew","Adult","Male","No"
"1590","Crew","Adult","Male","No"
"1591","Crew","Adult","Male","No"
"1592","Crew","Adult","Male","No"
"1593","Crew","Adult","Male","No"
"1594","Crew","Adult","Male","No"
"1595","Crew","Adult","Male","No"
"1596","Crew","Adult","Male","No"
"1597","Crew","Adult","Male","No"
"1598","Crew","Adult","Male","No"
"1599","Crew","Adult","Male","No"
"1600","Crew","Adult","Male","No"
"1601","Crew","Adult","Male","No"
"1602","Crew","Adult","Male","No"
"1603","Crew","Adult","Male","No"
"1604","Crew","Adult","Male","No"
"1605","Crew","Adult","Male","No"
"1606","Crew","Adult","Male","No"
"1607","Crew","Adult","Male","No"
"1608","Crew","Adult","Male","No"
"1609","Crew","Adult","Male","No"
"1610","Crew","Adult","Male","No"
"1611","Crew","Adult","Male","No"
"1612","Crew","Adult","Male","No"
"1613","Crew","Adult","Male","No"
"1614","Crew","Adult","Male","No"
"1615","Crew","Adult","Male","No"
"1616","Crew","Adult","Male","No"
"1617","Crew","Adult","Male","No"
"1618","Crew","Adult","Male","No"
"1619","Crew","Adult","Male","No"
"1620","Crew","Adult","Male","No"
"1621","Crew","Adult","Male","No"
"1622","Crew","Adult","Male","No"
"1623","Crew","Adult","Male","No"
"1624","Crew","Adult","Male","No"
"1625","Crew","Adult","Male","No"
"1626","Crew","Adult","Male","No"
"1627","Crew","Adult","Male","No"
"1628","Crew","Adult","Male","No"
"1629","Crew","Adult","Male","No"
"1630","Crew","Adult","Male","No"
"1631","Crew","Adult","Male","No"
"1632","Crew","Adult","Male","No"
"1633","Crew","Adult","Male","No"
"1634","Crew","Adult","Male","No"
"1635","Crew","Adult","Male","No"
"1636","Crew","Adult","Male","No"
"1637","Crew","Adult","Male","No"
"1638","Crew","Adult","Male","No"
"1639","Crew","Adult","Male","No"
"1640","Crew","Adult","Male","No"
"1641","Crew","Adult","Male","No"
"1642","Crew","Adult","Male","No"
"1643","Crew","Adult","Male","No"
"1644","Crew","Adult","Male","No"
"1645","Crew","Adult","Male","No"
"1646","Crew","Adult","Male","No"
"1647","Crew","Adult","Male","No"
"1648","Crew","Adult","Male","No"
"1649","Crew","Adult","Male","No"
"1650","Crew","Adult","Male","No"
"1651","Crew","Adult","Male","No"
"1652","Crew","Adult","Male","No"
"1653","Crew","Adult","Male","No"
"1654","Crew","Adult","Male","No"
"1655","Crew","Adult","Male","No"
"1656","Crew","Adult","Male","No"
"1657","Crew","Adult","Male","No"
"1658","Crew","Adult","Male","No"
"1659","Crew","Adult","Male","No"
"1660","Crew","Adult","Male","No"
"1661","Crew","Adult","Male","No"
"1662","Crew","Adult","Male","No"
"1663","Crew","Adult","Male","No"
"1664","Crew","Adult","Male","No"
"1665","Crew","Adult","Male","No"
"1666","Crew","Adult","Male","No"
"1667","Crew","Adult","Male","No"
"1668","Crew","Adult","Male","No"
"1669","Crew","Adult","Male","No"
"1670","Crew","Adult","Male","No"
"1671","Crew","Adult","Male","No"
"1672","Crew","Adult","Male","No"
"1673","Crew","Adult","Male","No"
"1674","Crew","Adult","Male","No"
"1675","Crew","Adult","Male","No"
"1676","Crew","Adult","Male","No"
"1677","Crew","Adult","Male","No"
"1678","Crew","Adult","Male","No"
"1679","Crew","Adult","Male","No"
"1680","Crew","Adult","Male","No"
"1681","Crew","Adult","Male","No"
"1682","Crew","Adult","Male","No"
"1683","Crew","Adult","Male","No"
"1684","Crew","Adult","Male","No"
"1685","Crew","Adult","Male","No"
"1686","Crew","Adult","Male","No"
"1687","Crew","Adult","Male","No"
"1688","Crew","Adult","Male","No"
"1689","Crew","Adult","Male","No"
"1690","Crew","Adult","Male","No"
"1691","Crew","Adult","Male","No"
"1692","Crew","Adult","Male","No"
"1693","Crew","Adult","Male","No"
"1694","Crew","Adult","Male","No"
"1695","Crew","Adult","Male","No"
"1696","Crew","Adult","Male","No"
"1697","Crew","Adult","Male","No"
"1698","Crew","Adult","Male","No"
"1699","Crew","Adult","Male","No"
"1700","Crew","Adult","Male","No"
"1701","Crew","Adult","Male","No"
"1702","Crew","Adult","Male","No"
"1703","Crew","Adult","Male","No"
"1704","Crew","Adult","Male","No"
"1705","Crew","Adult","Male","No"
"1706","Crew","Adult","Male","No"
"1707","Crew","Adult","Male","No"
"1708","Crew","Adult","Male","No"
"1709","Crew","Adult","Male","No"
"1710","Crew","Adult","Male","No"
"1711","Crew","Adult","Male","No"
"1712","Crew","Adult","Male","No"
"1713","Crew","Adult","Male","No"
"1714","Crew","Adult","Male","No"
"1715","Crew","Adult","Male","No"
"1716","Crew","Adult","Male","No"
"1717","Crew","Adult","Male","No"
"1718","Crew","Adult","Male","No"
"1719","Crew","Adult","Male","No"
"1720","Crew","Adult","Male","No"
"1721","Crew","Adult","Male","No"
"1722","Crew","Adult","Male","No"
"1723","Crew","Adult","Male","No"
"1724","Crew","Adult","Male","No"
"1725","Crew","Adult","Male","No"
"1726","Crew","Adult","Male","No"
"1727","Crew","Adult","Male","No"
"1728","Crew","Adult","Male","No"
"1729","Crew","Adult","Male","No"
"1730","Crew","Adult","Male","No"
"1731","Crew","Adult","Male","No"
"1732","Crew","Adult","Male","No"
"1733","Crew","Adult","Male","No"
"1734","Crew","Adult","Male","No"
"1735","Crew","Adult","Male","No"
"1736","Crew","Adult","Male","No"
"1737","Crew","Adult","Male","No"
"1738","Crew","Adult","Male","No"
"1739","Crew","Adult","Male","No"
"1740","Crew","Adult","Male","No"
"1741","Crew","Adult","Male","No"
"1742","Crew","Adult","Male","No"
"1743","Crew","Adult","Male","No"
"1744","Crew","Adult","Male","No"
"1745","Crew","Adult","Male","No"
"1746","Crew","Adult","Male","No"
"1747","Crew","Adult","Male","No"
"1748","Crew","Adult","Male","No"
"1749","Crew","Adult","Male","No"
"1750","Crew","Adult","Male","No"
"1751","Crew","Adult","Male","No"
"1752","Crew","Adult","Male","No"
"1753","Crew","Adult","Male","No"
"1754","Crew","Adult","Male","No"
"1755","Crew","Adult","Male","No"
"1756","Crew","Adult","Male","No"
"1757","Crew","Adult","Male","No"
"1758","Crew","Adult","Male","No"
"1759","Crew","Adult","Male","No"
"1760","Crew","Adult","Male","No"
"1761","Crew","Adult","Male","No"
"1762","Crew","Adult","Male","No"
"1763","Crew","Adult","Male","No"
"1764","Crew","Adult","Male","No"
"1765","Crew","Adult","Male","No"
"1766","Crew","Adult","Male","No"
"1767","Crew","Adult","Male","No"
"1768","Crew","Adult","Male","No"
"1769","Crew","Adult","Male","No"
"1770","Crew","Adult","Male","No"
"1771","Crew","Adult","Male","No"
"1772","Crew","Adult","Male","No"
"1773","Crew","Adult","Male","No"
"1774","Crew","Adult","Male","No"
"1775","Crew","Adult","Male","No"
"1776","Crew","Adult","Male","No"
"1777","Crew","Adult","Male","No"
"1778","Crew","Adult","Male","No"
"1779","Crew","Adult","Male","No"
"1780","Crew","Adult","Male","No"
"1781","Crew","Adult","Male","No"
"1782","Crew","Adult","Male","No"
"1783","Crew","Adult","Male","No"
"1784","Crew","Adult","Male","No"
"1785","Crew","Adult","Male","No"
"1786","Crew","Adult","Male","No"
"1787","Crew","Adult","Male","No"
"1788","Crew","Adult","Male","No"
"1789","Crew","Adult","Male","No"
"1790","Crew","Adult","Male","No"
"1791","Crew","Adult","Male","No"
"1792","Crew","Adult","Male","No"
"1793","Crew","Adult","Male","No"
"1794","Crew","Adult","Male","No"
"1795","Crew","Adult","Male","No"
"1796","Crew","Adult","Male","No"
"1797","Crew","Adult","Male","No"
"1798","Crew","Adult","Male","No"
"1799","Crew","Adult","Male","No"
"1800","Crew","Adult","Male","No"
"1801","Crew","Adult","Male","No"
"1802","Crew","Adult","Male","No"
"1803","Crew","Adult","Male","No"
"1804","Crew","Adult","Male","No"
"1805","Crew","Adult","Male","No"
"1806","Crew","Adult","Male","No"
"1807","Crew","Adult","Male","No"
"1808","Crew","Adult","Male","No"
"1809","Crew","Adult","Male","No"
"1810","Crew","Adult","Male","No"
"1811","Crew","Adult","Male","No"
"1812","Crew","Adult","Male","No"
"1813","Crew","Adult","Male","No"
"1814","Crew","Adult","Male","No"
"1815","Crew","Adult","Male","No"
"1816","Crew","Adult","Male","No"
"1817","Crew","Adult","Male","No"
"1818","Crew","Adult","Male","No"
"1819","Crew","Adult","Male","No"
"1820","Crew","Adult","Male","No"
"1821","Crew","Adult","Male","No"
"1822","Crew","Adult","Male","No"
"1823","Crew","Adult","Male","No"
"1824","Crew","Adult","Male","No"
"1825","Crew","Adult","Male","No"
"1826","Crew","Adult","Male","No"
"1827","Crew","Adult","Male","No"
"1828","Crew","Adult","Male","No"
"1829","Crew","Adult","Male","No"
"1830","Crew","Adult","Male","No"
"1831","Crew","Adult","Male","No"
"1832","Crew","Adult","Male","No"
"1833","Crew","Adult","Male","No"
"1834","Crew","Adult","Male","No"
"1835","Crew","Adult","Male","No"
"1836","Crew","Adult","Male","No"
"1837","Crew","Adult","Male","No"
"1838","Crew","Adult","Male","No"
"1839","Crew","Adult","Male","No"
"1840","Crew","Adult","Male","No"
"1841","Crew","Adult","Male","No"
"1842","Crew","Adult","Male","No"
"1843","Crew","Adult","Male","No"
"1844","Crew","Adult","Male","No"
"1845","Crew","Adult","Male","No"
"1846","Crew","Adult","Male","No"
"1847","Crew","Adult","Male","No"
"1848","Crew","Adult","Male","No"
"1849","Crew","Adult","Male","No"
"1850","Crew","Adult","Male","No"
"1851","Crew","Adult","Male","No"
"1852","Crew","Adult","Male","No"
"1853","Crew","Adult","Male","No"
"1854","Crew","Adult","Male","No"
"1855","Crew","Adult","Male","No"
"1856","Crew","Adult","Male","No"
"1857","Crew","Adult","Male","No"
"1858","Crew","Adult","Male","No"
"1859","Crew","Adult","Male","No"
"1860","Crew","Adult","Male","No"
"1861","Crew","Adult","Male","No"
"1862","Crew","Adult","Male","No"
"1863","Crew","Adult","Male","No"
"1864","Crew","Adult","Male","No"
"1865","Crew","Adult","Male","No"
"1866","Crew","Adult","Male","No"
"1867","Crew","Adult","Male","No"
"1868","Crew","Adult","Male","No"
"1869","Crew","Adult","Male","No"
"1870","Crew","Adult","Male","No"
"1871","Crew","Adult","Male","No"
"1872","Crew","Adult","Male","No"
"1873","Crew","Adult","Male","No"
"1874","Crew","Adult","Male","No"
"1875","Crew","Adult","Male","No"
"1876","Crew","Adult","Male","No"
"1877","Crew","Adult","Male","No"
"1878","Crew","Adult","Male","No"
"1879","Crew","Adult","Male","No"
"1880","Crew","Adult","Male","No"
"1881","Crew","Adult","Male","No"
"1882","Crew","Adult","Male","No"
"1883","Crew","Adult","Male","No"
"1884","Crew","Adult","Male","No"
"1885","Crew","Adult","Male","No"
"1886","Crew","Adult","Male","No"
"1887","Crew","Adult","Male","No"
"1888","Crew","Adult","Male","No"
"1889","Crew","Adult","Male","No"
"1890","Crew","Adult","Male","No"
"1891","Crew","Adult","Male","No"
"1892","Crew","Adult","Male","No"
"1893","Crew","Adult","Male","No"
"1894","Crew","Adult","Male","No"
"1895","Crew","Adult","Male","No"
"1896","Crew","Adult","Male","No"
"1897","Crew","Adult","Male","No"
"1898","Crew","Adult","Male","No"
"1899","Crew","Adult","Male","No"
"1900","Crew","Adult","Male","No"
"1901","Crew","Adult","Male","No"
"1902","Crew","Adult","Male","No"
"1903","Crew","Adult","Male","No"
"1904","Crew","Adult","Male","No"
"1905","Crew","Adult","Male","No"
"1906","Crew","Adult","Male","No"
"1907","Crew","Adult","Male","No"
"1908","Crew","Adult","Male","No"
"1909","Crew","Adult","Male","No"
"1910","Crew","Adult","Male","No"
"1911","Crew","Adult","Male","No"
"1912","Crew","Adult","Male","No"
"1913","Crew","Adult","Male","No"
"1914","Crew","Adult","Male","No"
"1915","Crew","Adult","Male","No"
"1916","Crew","Adult","Male","No"
"1917","Crew","Adult","Male","No"
"1918","Crew","Adult","Male","No"
"1919","Crew","Adult","Male","No"
"1920","Crew","Adult","Male","No"
"1921","Crew","Adult","Male","No"
"1922","Crew","Adult","Male","No"
"1923","Crew","Adult","Male","No"
"1924","Crew","Adult","Male","No"
"1925","Crew","Adult","Male","No"
"1926","Crew","Adult","Male","No"
"1927","Crew","Adult","Male","No"
"1928","Crew","Adult","Male","No"
"1929","Crew","Adult","Male","No"
"1930","Crew","Adult","Male","No"
"1931","Crew","Adult","Male","No"
"1932","Crew","Adult","Male","No"
"1933","Crew","Adult","Male","No"
"1934","Crew","Adult","Male","No"
"1935","Crew","Adult","Male","No"
"1936","Crew","Adult","Male","No"
"1937","Crew","Adult","Male","No"
"1938","Crew","Adult","Male","No"
"1939","Crew","Adult","Male","No"
"1940","Crew","Adult","Male","No"
"1941","Crew","Adult","Male","No"
"1942","Crew","Adult","Male","No"
"1943","Crew","Adult","Male","No"
"1944","Crew","Adult","Male","No"
"1945","Crew","Adult","Male","No"
"1946","Crew","Adult","Male","No"
"1947","Crew","Adult","Male","No"
"1948","Crew","Adult","Male","No"
"1949","Crew","Adult","Male","No"
"1950","Crew","Adult","Male","No"
"1951","Crew","Adult","Male","No"
"1952","Crew","Adult","Male","No"
"1953","Crew","Adult","Male","No"
"1954","Crew","Adult","Male","No"
"1955","Crew","Adult","Male","No"
"1956","Crew","Adult","Male","No"
"1957","Crew","Adult","Male","No"
"1958","Crew","Adult","Male","No"
"1959","Crew","Adult","Male","No"
"1960","Crew","Adult","Male","No"
"1961","Crew","Adult","Male","No"
"1962","Crew","Adult","Male","No"
"1963","Crew","Adult","Male","No"
"1964","Crew","Adult","Male","No"
"1965","Crew","Adult","Male","No"
"1966","Crew","Adult","Male","No"
"1967","Crew","Adult","Male","No"
"1968","Crew","Adult","Male","No"
"1969","Crew","Adult","Male","No"
"1970","Crew","Adult","Male","No"
"1971","Crew","Adult","Male","No"
"1972","Crew","Adult","Male","No"
"1973","Crew","Adult","Male","No"
"1974","Crew","Adult","Male","No"
"1975","Crew","Adult","Male","No"
"1976","Crew","Adult","Male","No"
"1977","Crew","Adult","Male","No"
"1978","Crew","Adult","Male","No"
"1979","Crew","Adult","Male","No"
"1980","Crew","Adult","Male","No"
"1981","Crew","Adult","Male","No"
"1982","Crew","Adult","Male","No"
"1983","Crew","Adult","Male","No"
"1984","Crew","Adult","Male","No"
"1985","Crew","Adult","Male","No"
"1986","Crew","Adult","Male","No"
"1987","Crew","Adult","Male","No"
"1988","Crew","Adult","Male","No"
"1989","Crew","Adult","Male","No"
"1990","Crew","Adult","Male","No"
"1991","Crew","Adult","Male","No"
"1992","Crew","Adult","Male","No"
"1993","Crew","Adult","Male","No"
"1994","Crew","Adult","Male","No"
"1995","Crew","Adult","Male","No"
"1996","Crew","Adult","Male","No"
"1997","Crew","Adult","Male","No"
"1998","Crew","Adult","Male","No"
"1999","Crew","Adult","Male","No"
"2000","Crew","Adult","Male","No"
"2001","Crew","Adult","Male","No"
"2002","Crew","Adult","Male","No"
"2003","Crew","Adult","Male","No"
"2004","Crew","Adult","Male","No"
"2005","Crew","Adult","Male","No"
"2006","Crew","Adult","Male","No"
"2007","Crew","Adult","Male","No"
"2008","Crew","Adult","Male","No"
"2009","Crew","Adult","Male","No"
"2010","Crew","Adult","Male","No"
"2011","Crew","Adult","Male","No"
"2012","Crew","Adult","Male","No"
"2013","Crew","Adult","Male","No"
"2014","Crew","Adult","Male","No"
"2015","Crew","Adult","Male","No"
"2016","Crew","Adult","Male","No"
"2017","Crew","Adult","Male","No"
"2018","Crew","Adult","Male","No"
"2019","Crew","Adult","Male","No"
"2020","Crew","Adult","Male","No"
"2021","Crew","Adult","Male","No"
"2022","Crew","Adult","Male","No"
"2023","Crew","Adult","Male","No"
"2024","Crew","Adult","Male","No"
"2025","Crew","Adult","Male","No"
"2026","Crew","Adult","Male","No"
"2027","Crew","Adult","Male","No"
"2028","Crew","Adult","Male","No"
"2029","Crew","Adult","Male","No"
"2030","Crew","Adult","Male","No"
"2031","Crew","Adult","Male","No"
"2032","Crew","Adult","Male","No"
"2033","Crew","Adult","Male","No"
"2034","Crew","Adult","Male","No"
"2035","Crew","Adult","Male","No"
"2036","Crew","Adult","Male","No"
"2037","Crew","Adult","Male","No"
"2038","Crew","Adult","Male","No"
"2039","Crew","Adult","Male","No"
"2040","Crew","Adult","Male","No"
"2041","Crew","Adult","Male","No"
"2042","Crew","Adult","Male","No"
"2043","Crew","Adult","Male","No"
"2044","Crew","Adult","Male","No"
"2045","Crew","Adult","Male","No"
"2046","Crew","Adult","Male","No"
"2047","Crew","Adult","Male","No"
"2048","Crew","Adult","Male","No"
"2049","Crew","Adult","Male","No"
"2050","Crew","Adult","Male","No"
"2051","Crew","Adult","Male","No"
"2052","Crew","Adult","Male","No"
"2053","Crew","Adult","Male","No"
"2054","Crew","Adult","Male","No"
"2055","Crew","Adult","Male","No"
"2056","Crew","Adult","Male","No"
"2057","Crew","Adult","Male","No"
"2058","Crew","Adult","Male","No"
"2059","Crew","Adult","Male","No"
"2060","Crew","Adult","Male","No"
"2061","Crew","Adult","Male","No"
"2062","Crew","Adult","Male","No"
"2063","Crew","Adult","Male","No"
"2064","Crew","Adult","Male","No"
"2065","Crew","Adult","Male","No"
"2066","Crew","Adult","Male","No"
"2067","Crew","Adult","Male","No"
"2068","Crew","Adult","Male","No"
"2069","Crew","Adult","Male","No"
"2070","Crew","Adult","Male","No"
"2071","Crew","Adult","Male","No"
"2072","Crew","Adult","Male","No"
"2073","Crew","Adult","Male","No"
"2074","Crew","Adult","Male","No"
"2075","Crew","Adult","Male","No"
"2076","Crew","Adult","Male","No"
"2077","Crew","Adult","Male","No"
"2078","Crew","Adult","Male","No"
"2079","Crew","Adult","Male","No"
"2080","Crew","Adult","Male","No"
"2081","Crew","Adult","Male","No"
"2082","Crew","Adult","Male","No"
"2083","Crew","Adult","Male","No"
"2084","Crew","Adult","Male","No"
"2085","Crew","Adult","Male","No"
"2086","Crew","Adult","Male","No"
"2087","Crew","Adult","Male","No"
"2088","Crew","Adult","Male","No"
"2089","Crew","Adult","Male","No"
"2090","Crew","Adult","Male","No"
"2091","Crew","Adult","Male","No"
"2092","Crew","Adult","Male","No"
"2093","Crew","Adult","Male","No"
"2094","Crew","Adult","Male","No"
"2095","Crew","Adult","Male","No"
"2096","Crew","Adult","Male","No"
"2097","Crew","Adult","Male","No"
"2098","Crew","Adult","Male","No"
"2099","Crew","Adult","Male","No"
"2100","Crew","Adult","Male","No"
"2101","Crew","Adult","Male","No"
"2102","Crew","Adult","Male","No"
"2103","Crew","Adult","Male","No"
"2104","Crew","Adult","Male","No"
"2105","Crew","Adult","Male","No"
"2106","Crew","Adult","Male","No"
"2107","Crew","Adult","Male","No"
"2108","Crew","Adult","Male","No"
"2109","Crew","Adult","Male","No"
"2110","Crew","Adult","Male","No"
"2111","Crew","Adult","Male","No"
"2112","Crew","Adult","Male","No"
"2113","Crew","Adult","Male","No"
"2114","Crew","Adult","Male","No"
"2115","Crew","Adult","Male","No"
"2116","Crew","Adult","Male","No"
"2117","Crew","Adult","Male","No"
"2118","Crew","Adult","Male","No"
"2119","Crew","Adult","Male","No"
"2120","Crew","Adult","Male","No"
"2121","Crew","Adult","Male","No"
"2122","Crew","Adult","Male","No"
"2123","Crew","Adult","Male","No"
"2124","Crew","Adult","Male","No"
"2125","Crew","Adult","Male","No"
"2126","Crew","Adult","Male","No"
"2127","Crew","Adult","Male","No"
"2128","Crew","Adult","Male","No"
"2129","Crew","Adult","Male","No"
"2130","Crew","Adult","Male","No"
"2131","Crew","Adult","Male","No"
"2132","Crew","Adult","Male","No"
"2133","Crew","Adult","Male","No"
"2134","Crew","Adult","Male","No"
"2135","Crew","Adult","Male","No"
"2136","Crew","Adult","Male","No"
"2137","Crew","Adult","Male","No"
"2138","Crew","Adult","Male","No"
"2139","Crew","Adult","Male","No"
"2140","Crew","Adult","Male","No"
"2141","Crew","Adult","Male","No"
"2142","Crew","Adult","Male","No"
"2143","Crew","Adult","Male","No"
"2144","Crew","Adult","Male","No"
"2145","Crew","Adult","Male","No"
"2146","Crew","Adult","Male","No"
"2147","Crew","Adult","Male","No"
"2148","Crew","Adult","Male","No"
"2149","Crew","Adult","Male","No"
"2150","Crew","Adult","Male","No"
"2151","Crew","Adult","Male","No"
"2152","Crew","Adult","Male","No"
"2153","Crew","Adult","Male","No"
"2154","Crew","Adult","Male","No"
"2155","Crew","Adult","Male","No"
"2156","Crew","Adult","Male","No"
"2157","Crew","Adult","Male","No"
"2158","Crew","Adult","Male","No"
"2159","Crew","Adult","Male","No"
"2160","Crew","Adult","Male","No"
"2161","Crew","Adult","Male","No"
"2162","Crew","Adult","Male","No"
"2163","Crew","Adult","Male","No"
"2164","Crew","Adult","Male","No"
"2165","Crew","Adult","Male","No"
"2166","Crew","Adult","Male","No"
"2167","Crew","Adult","Male","No"
"2168","Crew","Adult","Male","No"
"2169","Crew","Adult","Male","No"
"2170","Crew","Adult","Male","No"
"2171","Crew","Adult","Male","No"
"2172","Crew","Adult","Male","No"
"2173","Crew","Adult","Male","No"
"2174","Crew","Adult","Male","No"
"2175","Crew","Adult","Male","No"
"2176","Crew","Adult","Male","No"
"2177","Crew","Adult","Male","No"
"2178","Crew","Adult","Male","No"
"2179","Crew","Adult","Female","Yes"
"2180","Crew","Adult","Female","Yes"
"2181","Crew","Adult","Female","Yes"
"2182","Crew","Adult","Female","Yes"
"2183","Crew","Adult","Female","Yes"
"2184","Crew","Adult","Female","Yes"
"2185","Crew","Adult","Female","Yes"
"2186","Crew","Adult","Female","Yes"
"2187","Crew","Adult","Female","Yes"
"2188","Crew","Adult","Female","Yes"
"2189","Crew","Adult","Female","Yes"
"2190","Crew","Adult","Female","Yes"
"2191","Crew","Adult","Female","Yes"
"2192","Crew","Adult","Female","Yes"
"2193","Crew","Adult","Female","Yes"
"2194","Crew","Adult","Female","Yes"
"2195","Crew","Adult","Female","Yes"
"2196","Crew","Adult","Female","Yes"
"2197","Crew","Adult","Female","Yes"
"2198","Crew","Adult","Female","Yes"
"2199","Crew","Adult","Female","No"
"2200","Crew","Adult","Female","No"
"2201","Crew","Adult","Female","No"
